{"initial_reset_timestamp": 1553717741.78292, "timestamps": [1553717744.6622193, 1553717745.6106813, 1553717746.4374712, 1553717747.2802157, 1553717748.246631, 1553717749.8373764, 1553717750.6851082, 1553717752.034499, 1553717753.1594903, 1553717754.045122, 1553717755.9201071, 1553717757.2455623, 1553717758.5620408, 1553717759.4177523, 1553717760.786091, 1553717762.092597, 1553717763.8030226, 1553717765.432663, 1553717766.379132, 1553717767.718549, 1553717769.5237212, 1553717770.391401, 1553717771.7577457, 1553717772.6094673, 1553717773.4721608, 1553717775.3361747, 1553717776.8202045, 1553717777.9112866, 1553717779.5538933, 1553717780.6140573, 1553717781.9883819], "episode_rewards": [1.0, 0.0, 0.0, 0.0, 1.0, 3.0, 0.0, 2.0, 1.0, 0.0, 3.0, 2.0, 2.0, 0.0, 2.0, 2.0, 3.0, 3.0, 0.0, 2.0, 3.0, 0.0, 2.0, 0.0, 0.0, 3.0, 2.0, 1.0, 3.0, 1.0, 2.0], "episode_types": ["t", "t", "t", "t", "t", "t", "t", "t", "t", "t", "t", "t", "t", "t", "t", "t", "t", "t", "t", "t", "t", "t", "t", "t", "t", "t", "t", "t", "t", "t", "t", "t"], "episode_lengths": [227, 184, 169, 174, 200, 324, 169, 274, 227, 171, 374, 266, 264, 172, 279, 270, 349, 331, 186, 272, 361, 171, 276, 169, 174, 388, 296, 215, 340, 212, 278]}